contract_id,product_id,created_date
14056178786514,4980,1405618072
14056182117717,4982,1405619155
14056182117717,4986,1405620126
14056182117717,4987,1405620210
14063110024842,5077,1406311079
14063110024842,5078,1406311216
14078699278531,5170,1407870394
14079466089296,4567,1407946657
14078699278531,4461,1407950261
14078699278531,4165,1407950558
14078699278531,4179,1407950611
14078699278531,4192,1407950673
14078699278531,4231,1407950759
14078699278531,4237,1407950933
14079466089296,5212,1407955441
14078699278531,4240,1407958646
14078699278531,4243,1407958718
14078699278531,4244,1407958765
14078699278531,4248,1407959137
14078699278531,4250,1407959169
14079595800293,5223,1407959798
14079595800293,5225,1407959954
14079595800293,5226,1407960154
14079595800293,5227,1407960348
14080266758408,5230,1408026896
14080266758408,5231,1408027205
14080266758408,5232,1408027518
14080266758408,5233,1408028025
14080287206787,5234,1408028987
14080287206787,5235,1408029542
14080287206787,5236,1408029831
14080287206787,5237,1408030024
14080287206787,5238,1408030520
14080287206787,5239,1408030690
14080287206787,5240,1408030990
14080287206787,5241,1408031207
14080287206787,5242,1408031736
14080287206787,5243,1408032251
14080287206787,5244,1408032648
14080333323072,5245,1408033597
14080333323072,5246,1408033818
14080350486245,5247,1408035342
14080350486245,5248,1408038148
14080350486245,5249,1408038540
14080350486245,5250,1408038762
14080350486245,5251,1408039206
14080350486245,5252,1408039910
14080420736235,5253,1408042321
14080442525655,5254,1408046300
14080442525655,5255,1408046734
14080442525655,5256,1408046995
14080442525655,5257,1408047419
14080478093937,5258,1408048377
14081193825452,5276,1408119611
14081193825452,5277,1408119810
1408134383005,3924,1408134451
1408134383005,3925,1408134481
1408134383005,3926,1408134527
1408134383005,3927,1408134556
1408134383005,3928,1408134584
1408134383005,3929,1408134613
1408134383005,3930,1408134644
1408134383005,3931,1408134674
1408134383005,3932,1408134706
1408134383005,4098,1408134806
1408134383005,4099,1408134834
1408134383005,4100,1408134860
1408134383005,4101,1408134885
1408134383005,4102,1408134912
1408134383005,4104,1408134963
1408134383005,4106,1408134987
1408134383005,4108,1408135013
1408134383005,4113,1408135098
1408134383005,4114,1408135126
1408134383005,4116,1408135150
1408134383005,4117,1408135174
1408134383005,4118,1408135198
1408134383005,4119,1408135221
1408134383005,4120,1408135261
1408134383005,4121,1408135291
1408134383005,4122,1408135408
1408134383005,4123,1408135433
1408134383005,4124,1408135461
1408134383005,4125,1408135498
1408134383005,4127,1408135526
1408134383005,4128,1408135558
1408134383005,4129,1408135882
1408134383005,4130,1408135938
1408134383005,4131,1408135965
1408134383005,4126,1408136001
1408134383005,4110,1408372202
1408134383005,4149,1408372380
1408134383005,4151,1408372450
1408134383005,4153,1408372499
1408134383005,4152,1408372546
1408134383005,4154,1408372579
1408134383005,4156,1408372614
1408134383005,4159,1408372643
1408134383005,4158,1408372676
1408134383005,4161,1408372715
1408134383005,4160,1408372745
1408134383005,4134,1408372811
1408134383005,4136,1408372842
1408134383005,4138,1408372870
1408134383005,4143,1408372907
1408134383005,4141,1408372940
1408134383005,4147,1408372975
1408134383005,4145,1408373013
1408134383005,4132,1408373041
1408134383005,4146,1408373071
1408134383005,4140,1408373107
1408134383005,4207,1408373176
1408134383005,4195,1408373205
1408134383005,4205,1408373234
1408134383005,4202,1408373274
1408134383005,4201,1408373470
1408134383005,4199,1408373507
1408134383005,4197,1408373601
1408134383005,4200,1408373632
1408134383005,4196,1408373668
1408134383005,4176,1408373715
1408134383005,4163,1408373745
1408134383005,4169,1408373771
1408134383005,4175,1408373801
1408134383005,4167,1408373833
1408134383005,4166,1408373864
1408134383005,4172,1408373892
1408134383005,4171,1408373917
1408134383005,4164,1408373948
1408134383005,4215,1408374012
1408134383005,4218,1408374040
1408134383005,4213,1408374070
1408134383005,4212,1408374107
1408134383005,4219,1408374152
1408134383005,4221,1408374191
1408134383005,4209,1408374225
1408134383005,4210,1408374254
1408134383005,4222,1408374296
1408134383005,4223,1408374394
1408134383005,4224,1408374420
1408134383005,4225,1408374452
1408134383005,4226,1408374481
1408134383005,4193,1408374682
1408134383005,4191,1408374714
1408134383005,4190,1408374745
1408134383005,4186,1408374798
1408134383005,4181,1408374825
1408134383005,4189,1408374851
1408134383005,4187,1408374883
1408134383005,4182,1408374911
1408134383005,4184,1408374937
1408134383005,4185,1408374972
1408134383005,4321,1408375014
1408134383005,4415,1408375125
1408134383005,4424,1408375158
1408134383005,4422,1408375188
1408134383005,4421,1408375239
1408134383005,4416,1408375267
1408134383005,4418,1408375678
1408134383005,4420,1408375836
1408134383005,4419,1408375863
1408134383005,4417,1408375894
1408134383005,5279,1408376469
1408134383005,4204,1408376590
14085514945244,4771,1408551593
14085514945244,4772,1408551646
14085514945244,4773,1408551673
14085514945244,4774,1408551707
14085514945244,4775,1408551933
14085514945244,4776,1408551961
14085514945244,4777,1408551991
14085514945244,4780,1408552060
14085514945244,4779,1408552092
14085514945244,4781,1408552223
14085514945244,4782,1408552241
14085514945244,4778,1408552383
14085532931414,4717,1408553533
14085532931414,4718,1408553575
14085532931414,4719,1408553633
14085532931414,4720,1408553658
14085532931414,4721,1408553681
14085532931414,4722,1408553714
14085532931414,4723,1408553792
14085532931414,4724,1408553842
14085532931414,4725,1408553880
14085532931414,4726,1408553916
14085532931414,4727,1408553933
14085532931414,4728,1408553950
14085532931414,4729,1408553981
14085558009088,4731,1408555870
14085558009088,4732,1408555896
14085558009088,4734,1408555919
14085558009088,4736,1408555940
14085558009088,4738,1408555961
14085558009088,4739,1408555983
14085558009088,4740,1408556006
14085558009088,4742,1408556030
14085558009088,4743,1408556060
14085558009088,4744,1408556080
14085558009088,4745,1408556108
14085558009088,4746,1408556127
14085558009088,4747,1408556146
14085558009088,4749,1408556165
14085558009088,4751,1408556222
14085558009088,4750,1408556242
14085558009088,4752,1408556266
14085558009088,4753,1408556283
14085558009088,4754,1408556301
14085558009088,4755,1408556321
14085558009088,4756,1408556343
14085558009088,4748,1408556370
14085558009088,4757,1408556396
14085558009088,4758,1408556418
14085558009088,4759,1408556436
14085558009088,4760,1408556461
14085558009088,4761,1408556481
14085558009088,4762,1408556499
14085558009088,4763,1408556515
14085558009088,4764,1408556534
14085558009088,4765,1408556552
14085558009088,4766,1408556573
14085558009088,4767,1408556589
14085558009088,4768,1408556611
14085558009088,4769,1408556634
14085558009088,4770,1408556656
14085573367085,5280,1408557588
14085639314919,5281,1408564427
14086397736641,5282,1408640910
14086397736641,5283,1408641496
14086397736641,5284,1408641885
14086397736641,5285,1408642385
14086397736641,5286,1408642846
14091493469559,5304,1409149975
14091493469559,5305,1409150658
14091493469559,5306,1409150927
14091493469559,5307,1409151180
14091493469559,5308,1409151404
14091493469559,5309,1409151967
14091493469559,5310,1409152287
14104484618388,5338,1410448520
14104491737112,5339,1410449465
14105421974908,5372,1410542643
14105445850016,5379,1410545125
14111490114282,5426,1411149196
14111490114282,5427,1411149351
14111490114282,5428,1411149480
14111490114282,5429,1411149614
14111490114282,5430,1411149796
14111490114282,5431,1411149951
14111490114282,5432,1411152591
14111490114282,5433,1411152767
14111490114282,5434,1411152919
14111490114282,5435,1411153066
14111490114282,5437,1411571825
14111490114282,5438,1411572663
14111490114282,5439,1411573245
14111490114282,5440,1411573634
14111490114282,5441,1411573920
14111490114282,5442,1411574519
14111490114282,5443,1411574782
14111490114282,5444,1411574957
14111490114282,5445,1411575215
14115753929996,5446,1411575756
14115753929996,5447,1411575973
14115753929996,5448,1411576173
14115753929996,5449,1411576356
14115753929996,5450,1411576592
14115753929996,5451,1411576873
14115776001923,5452,1411577860
14115776001923,5453,1411578064
14115776001923,5454,1411578313
14115776001923,5455,1411578629
14115776001923,5456,1411578838
14115776001923,5457,1411579112
14115776001923,5458,1411579338
14115776001923,5459,1411579747
14115776001923,5460,1411580074
14117559909363,5042,1411756071
14117559909363,5038,1411756137
14117559909363,5037,1411756274
14117559909363,5036,1411756312
14117559909363,5033,1411756342
14117559909363,5032,1411756393
14126096439991,5527,1412610460
14126096439991,5528,1412610912
14126096439991,5529,1412611235
14126096439991,5530,1412611497
14126096439991,5531,1412611841
14126096439991,5532,1412612125
14126096439991,5533,1412613342
14126096439991,5534,1412613625
14126096439991,5535,1412613824
14126096439991,5536,1412614071
14126096439991,5537,1412614286
14126187994233,5538,1412619249
14126187994233,5539,1412619465
14126187994233,5540,1412619624
14126199930853,5541,1412620217
14126199930853,5542,1412620378
14126207749832,5543,1412620932
14126207749832,5544,1412621189
14126207749832,5545,1412621355
14126207749832,5546,1412621629
14128622246358,5548,1412862739
14128622246358,5549,1412863174
14128622246358,5550,1412863423
14128622246358,5551,1412863673
14128622246358,5552,1412864009
14128622246358,5553,1412864312
14128622246358,5554,1412864583
14128622246358,5555,1412864802
14128622246358,5556,1412865025
14128622246358,5557,1412865364
14128659673503,5558,1412866427
14128659673503,5559,1412866653
14128659673503,5560,1412866867
14128659673503,5561,1412867019
14128659673503,5562,1412867343
14128659673503,5563,1412867600
14128659673503,5564,1412868039
14128659673503,5565,1412868330
14128659673503,5566,1412868565
14128690139807,5567,1412869313
14128690139807,5568,1412869494
14128690139807,5571,1412870078
14129619335725,5575,1412962353
14129619335725,5576,1412964243
14138155427933,5585,1413815818
14138155427933,5586,1413816505
14138155427933,5587,1413816978
14138155427933,5588,1413817440
14138155427933,5589,1413818924
14138155427933,5590,1413819442
14138155427933,5591,1413819639
14138155427933,5592,1413819990
14138155427933,5593,1413820294
14138155427933,5594,1413820776
14138155427933,5595,1413821020
14138155427933,5596,1413821332
14140889516957,5626,1414089761
14140889516957,5627,1414420583
14144209945294,5628,1414421187
14144209945294,5629,1414421378
14144209945294,5630,1414421604
14144209945294,5631,1414421789
14144209945294,5632,1414421926
1414422195823,5633,1414422393
1414422195823,5634,1414422703
1414422195823,5635,1414422910
1414422195823,5636,1414423113
1414422195823,5637,1414423356
1414422195823,5638,1414423472
1414422195823,5639,1414423678
1414422195823,5640,1414424032
1414422195823,5641,1414424323
1414422195823,5642,1414424570
14144252497436,5643,1414425726
14144252497436,5644,1414425935
14144252497436,5645,1414426214
14144252497436,5646,1414426407
14144252497436,5647,1414426586
14144252497436,5648,1414426924
14144272971608,5649,1414427564
14144272971608,5650,1414427768
14144272971608,5651,1414428010
14144272971608,5652,1414428193
14144272971608,5653,1414428321
14144272971608,5654,1414428461
14144272971608,5655,1414428628
14144272971608,5656,1414428787
14144272971608,5657,1414428930
14144272971608,5658,1414429129
14144272971608,5659,1414429309
14144272971608,5660,1414429519
14144300550791,5661,1414430266
14144300550791,5662,1414430431
14144300550791,5663,1414430604
14144308380542,5664,1414430983
14144308380542,5665,1414431219
14144308380542,5666,1414433120
14144333381577,5667,1414433534
14144333381577,5668,1414433676
14144339130933,5669,1414434083
14144339130933,5670,1414434267
14144346521333,5671,1414434917
14144346521333,5672,1414435084
14144346521333,5673,1414435295
14144346521333,5674,1414435492
14145904883222,5732,1414598837
14145904883222,5733,1414599198
14145904883222,5734,1414599348
14145904883222,5735,1414599496
14145904883222,5736,1414599651
14145904883222,5737,1414599838
14145904883222,5738,1414599947
14145904883222,5739,1414600102
14145904883222,5740,1414600473
14145904883222,5741,1414600602
14145904883222,5742,1414600725
14145904883222,5743,1414600868
14146014306046,5744,1414601709
14146014306046,5745,1414601890
14146014306046,5746,1414602016
14146014306046,5747,1414602168
14146014306046,5748,1414602367
14146014306046,5749,1414602864
14146014306046,5750,1414603232
14146014306046,5751,1414603398
14146014306046,5752,1414603551
14146014306046,5753,1414603720
14146014306046,5754,1414603913
14146014306046,5755,1414604075
14146014306046,5756,1414604302
14146014306046,5757,1414604469
14146014306046,5758,1414604619
14146014306046,5759,1414604754
14146049030347,5760,1414605103
14146049030347,5761,1414605397
14146049030347,5762,1414605644
14146049030347,5763,1414605994
1414606322565,5764,1414606496
1414606322565,5765,1414606627
14146070375013,5766,1414607215
14146070375013,5767,1414607340
14146070375013,5768,1414607515
14146070375013,5769,1414607757
14150282938259,5874,1415028740
14150282938259,5875,1415028932
14150282938259,5876,1415029285
14150282938259,5877,1415029552
14150282938259,5878,1415029904
14150282938259,5879,1415030120
14150282938259,5880,1415030461
14150282938259,5881,1415030576
14150308029333,5882,1415030967
14150308029333,5883,1415031170
14150308029333,5884,1415031358
14150316099511,5885,1415031801
14150316099511,5886,1415032165
14150316099511,5887,1415032388
14150316099511,5888,1415032881
1415033568704,5889,1415033948
1415033568704,5890,1415034304
1415033568704,5891,1415034551
1415033568704,5892,1415034789
1415033568704,5893,1415034962
1415033568704,5894,1415035200
1415033568704,5895,1415035449
1415033568704,5896,1415035662
1415033568704,5897,1415035922
1415033568704,5898,1415036223
1415033568704,5899,1415036460
1415033568704,5900,1415036677
14146014306046,2738,1415044244
14153818223929,5931,1415382331
14153818223929,5932,1415382741
14153818223929,5933,1415382958
14153818223929,5934,1415383170
14153818223929,5935,1415383323
14153818223929,5936,1415383515
14153873326409,5937,1415387962
14153873326409,5938,1415388158
14153873326409,5939,1415388364
14156427458823,5956,1415643015
14156427458823,5957,1415643295
14156427458823,5959,1415643704
14156427458823,5960,1415644166
14156427458823,5962,1415644677
14156450988827,5964,1415645328
14156450988827,5965,1415645809
14156459828457,5967,1415646152
14156459828457,5968,1415646356
14156459828457,5969,1415646614
14156459828457,5970,1415646872
14156459828457,5972,1415647116
14156459828457,5973,1415647475
14156459828457,5975,1415647681
14156459828457,5976,1415648185
14164231352954,6077,1416423564
14164238463878,6078,1416424399
14164238463878,6079,1416424669
14164238463878,6080,1416424936
14164238463878,6081,1416425303
14164238463878,6082,1416426006
14164238463878,6083,1416426436
14164238463878,6084,1416501278
14164238463878,6085,1416501751
14164238463878,6086,1416502226
14164238463878,6087,1416502474
14165054608697,6088,1416505750
14165054608697,6089,1416505936
1416507509544,6090,1416509998
1416507509544,6091,1416510348
1416507509544,6092,1416510491
14165106527632,6093,1416510884
14165106527632,6094,1416511004
14165112239019,6095,1416511437
14165112239019,6096,1416511638
14165112239019,6097,1416511887
14168479184213,6098,1416848512
14168479184213,6099,1416854508
14168479184213,6100,1416854735
14168479184213,6101,1416855198
14168479184213,6102,1416855507
14168479184213,6103,1416855788
14168479184213,6104,1416856194
14168479184213,6105,1416856761
14168479184213,6106,1416857116
14168479184213,6107,1416857299
14168479184213,6108,1416857504
14168479184213,6109,1416857802
14168479184213,6110,1416858367
14168479184213,6111,1416858644
14168479184213,6112,1416859040
14168479184213,6113,1416859318
14168479184213,6114,1416859665
14168479184213,6115,1416859874
14168479184213,6116,1416860056
14168479184213,6117,1416860350
14168479184213,6118,1416860640
14168479184213,6119,1416861625
14168479184213,6120,1416861821
14168479184213,6121,1416862010
14168479184213,6122,1416929209
14168479184213,6123,1416929536
14168479184213,6124,1416932722
14168479184213,6125,1416933201
14168479184213,6126,1416933528
14168479184213,6127,1416933845
14168479184213,6128,1416934017
14168479184213,6129,1416934628
1417278779929,6160,1417280098
14177060634481,6224,1417706680
14177060634481,6225,1417707279
14177060634481,6226,1417707723
14177060634481,6227,1417708145
14177060634481,6228,1417708631
14177060634481,6229,1417709296
14177060634481,6230,1417710206
14177117282356,6231,1417712347
14177117282356,6232,1417713373
14177146385486,6233,1417714997
14177146385486,6234,1417715407
14177146385486,6235,1417715749
14177146385486,6236,1417716238
14177146385486,6237,1417716747
1417718247745,6238,1417718875
1417718247745,6239,1417719232
1417718247745,6240,1417720043
1417718247745,6241,1417720679
1417718247745,6242,1417721268
1417718247745,6243,1417721723
1417718247745,6244,1417722346
1417718247745,6245,1417723001
14177235014845,6246,1417724067
14177235014845,6247,1417725321
14177235014845,6248,1417726072
14177265429048,6249,1417727057
14177265429048,6250,1417727548
14177278129564,6251,1417728609
14182222188783,6385,1418223274
14182222188783,6387,1418226797
14182222188783,6389,1418226816
14182222188783,6390,1418226833
14182222188783,6391,1418226846
14182222188783,6393,1418226859
14182222188783,6394,1418226872
14182222188783,6396,1418226885
14182222188783,6397,1418226897
14182222188783,6398,1418226912
14182222188783,6400,1418226935
14182222188783,6402,1418226947
14187498691029,6618,1418750108
14187498691029,6619,1418750354
14187498691029,6620,1418750675
14187510669872,6622,1418751432
14187510669872,6624,1418751807
14187510669872,6626,1418752335
14187510669872,6629,1418752923
14187510669872,6630,1418753198
14187510669872,6631,1418753671
14187510669872,6633,1418754016
14187510669872,6635,1418754276
14187510669872,6637,1418754696
14187510669872,6639,1418755343
14187510669872,6641,1418755577
14187510669872,6647,1418758786
14187510669872,6649,1418759206
14189141088518,6688,1418914545
14189141088518,6690,1418914828
14189141088518,6691,1418915332
14189141088518,6694,1418916125
14189164019551,6696,1418916947
14189172264774,6698,1418917916
14189172264774,6700,1418918135
14189172264774,6701,1418918528
14189172264774,6702,1418918968
14189172264774,6704,1418919200
14189172264774,6706,1418919606
14189172264774,6707,1418920150
14189172264774,6708,1418920559
14189172264774,6710,1418921070
14189172264774,6712,1418921342
14189172264774,6714,1418922137
14189172264774,6716,1418922566
14189172264774,6717,1418922925
14189172264774,6718,1418923140
14189172264774,6720,1418923377
14189172264774,6722,1418924094
14189172264774,6723,1418924506
14189253043372,6727,1418925778
14189253043372,6728,1418926522
14189268594424,6730,1418927105
14189268594424,6732,1418927753
14189268594424,6734,1418928080
14189286664601,6736,1418928835
14189286664601,6737,1418929059
14189286664601,6738,1418929236
14189286664601,6740,1418929641
14189286664601,6741,1418929841
14189286664601,6743,1418930114
14189286664601,6744,1418930276
14189286664601,6746,1418930880
14189286664601,6747,1418931077
14189286664601,6749,1418931305
14189286664601,6750,1418931574
14189286664601,6752,1418931839
14189286664601,6754,1418932143
14189286664601,6759,1419001653
14189286664601,6760,1419001969
14189286664601,6761,1419002647
14190029284564,6762,1419003283
14190029284564,6763,1419003774
14190029284564,6764,1419004070
14190029284564,6765,1419004307
14190029284564,6766,1419004517
14190029284564,6767,1419004769
14190029284564,6768,1419005040
14190059645611,6769,1419006267
14190059645611,6770,1419006429
14190059645611,6771,1419006728
14190059645611,6772,1419006868
14190059645611,6773,1419007035
14190059645611,6774,1419007183
14190059645611,6775,1419007471
14190082955681,6776,1419008519
14190082955681,6777,1419009025
14190082955681,6778,1419009227
14190082955681,6779,1419009573
14190082955681,6780,1419009880
14190082955681,6781,1419010089
14190104967172,6782,1419010685
14190104967172,6783,1419010907
14190104967172,6784,1419011264
14190104967172,6785,1419011392
14190104967172,6786,1419011612
14190104967172,6787,1419011784
14190122791825,6788,1419012681
14190122791825,6789,1419012920
14190122791825,6790,1419013107
14190122791825,6791,1419013280
14190122791825,6792,1419013847
14190122791825,6793,1419014054
14190142045954,6794,1419014590
14190142045954,6795,1419014822
14190142045954,6796,1419015130
14190142045954,6797,1419015307
14190155791873,6798,1419015942
14190165346034,6799,1419017316
14190174866359,6800,1419017719
14190181266802,6801,1419018304
14193588491631,6802,1419359421
14193588491631,6803,1419359781
14193588491631,6804,1419360037
14193588491631,6805,1419360277
14193588491631,6806,1419360746
14193588491631,6807,1419360936
14193588491631,6808,1419361799
14193588491631,6809,1419362026
14193588491631,6810,1419362319
14193588491631,6811,1419362494
14193588491631,6812,1419362778
14193588491631,6813,1419362967
14193588491631,6814,1419363227
14198638402539,6815,1419864151
14198638402539,6817,1419864868
14193588491631,6818,1419865261
14198638402539,6819,1419865547
14193588491631,6820,1419865655
14193588491631,6821,1419865927
14193588491631,6822,1419866370
14193588491631,6823,1419866599
14193588491631,6824,1419867206
14193588491631,6825,1419867652
14193588491631,6826,1419867952
14193588491631,6827,1419868159
14193588491631,6828,1419868337
14193588491631,6829,1419869034
14193588491631,6830,1419869286
14193588491631,6831,1419869505
14193588491631,6832,1419869863
14198638402539,6833,1419870033
14198638402539,6834,1419870332
14193588491631,6835,1419870419
14193588491631,6836,1419870640
14193588491631,6837,1419870945
14193588491631,6838,1419871204
14198706044687,6839,1419871490
14193588491631,6840,1419871598
14198706044687,6841,1419871741
14193588491631,6842,1419871819
14193588491631,6843,1419872058
14198706044687,6844,1419872078
14193588491631,6845,1419872281
14193588491631,6846,1419872850
14198706044687,6847,1419872986
14193588491631,6848,1419873322
14193588491631,6849,1419873862
14198706044687,6850,1419873865
14193588491631,6851,1419874141
14193588491631,6852,1419874399
14193588491631,6853,1419874688
14193588491631,6854,1419874936
14193588491631,6855,1419875171
14198751261939,6856,1419875643
14198751261939,6857,1419875980
14193588491631,6858,1419876204
14193588491631,6859,1419876500
14193588491631,6860,1419876681
14198764990996,6861,1419876805
14193588491631,6862,1419876936
14193588491631,6863,1419877111
14198764990996,6864,1419877329
14193588491631,6865,1419877416
14193588491631,6866,1419877700
14198764990996,6867,1419877789
14193588491631,6868,1419877879
14198764990996,6869,1419878163
14193588491631,6870,1419878452
14193588491631,6871,1419878806
14193588491631,6872,1419879247
14193588491631,6873,1419879617
14193588491631,6874,1419879887
14193588491631,6875,1419880533
1419878411885,6876,1419881197
14193588491631,6877,1419881223
1419878411885,6878,1419881469
1419878411885,6879,1419882346
14206421743659,5569,1420642282
14206421743659,5570,1420642295
14206421743659,5572,1420642315
14206421743659,5573,1420642329
14206421743659,5574,1420642346
14206493136328,6985,1420649991
14206503020428,6987,1420650593
14206503020428,6989,1420651379
14206503020428,6991,1420651770
14206520812474,6997,1420653794
14206520812474,6999,1420654058
14206520812474,7001,1420654484
14206520812474,7002,1420654748
14206520812474,7004,1420655304
14206520812474,7006,1420655720
14206520812474,7008,1420656115
14206520812474,7010,1420656692
14206520812474,7012,1420657012
14206520812474,6993,1420657524
14206520812474,6994,1420657552
14206578797642,7016,1420658360
14206578797642,7017,1420658487
14206578797642,7019,1420658837
14206578797642,7021,1420659405
14206578797642,7023,1420659887
14206578797642,7025,1420660132
14206578797642,7027,1420660453
14206578797642,7028,1420660734
14208159022972,7080,1420816477
14208159022972,7082,1420817800
14208159022972,7084,1420818597
14208159022972,7085,1420819923
14208159022972,7088,1420821391
14208159022972,7090,1420821772
14208159022972,7091,1420822070
14208159022972,7093,1420823219
14208159022972,7094,1420823888
14208159022972,7095,1420824934
14208159022972,7096,1420825526
14208159022972,7097,1420826775
14208159022972,7098,1420827545
14208159022972,7099,1420828122
14190184573573,7100,1420829807
14190184573573,7101,1420830196
14190184573573,7102,1420830763
14190184573573,7103,1420831364
14190184573573,7104,1420831746
14190184573573,7105,1420832614
14190184573573,7106,1420833192
14190184573573,7107,1420834164
14190184573573,7108,1420834450
14211021640581,7109,1421102750
14211021640581,7110,1421160288
14211021640581,7111,1421160699
14211021640581,7112,1421161197
14211021640581,7113,1421161743
14211611803322,7114,1421162296
14211621904606,7115,1421162625
14211611803322,7116,1421162732
14211621904606,7117,1421163193
14211611803322,7118,1421163211
14211621904606,7119,1421163889
14211621904606,7120,1421164520
14211621904606,7121,1421165028
14211621904606,7122,1421165458
14211621904606,7123,1421165810
14211621904606,7124,1421166660
1421167334462,7125,1421167707
1421167334462,7126,1421168137
14211684250547,7127,1421168665
14211684250547,7128,1421169080
14211684250547,7129,1421169569
14211684250547,7130,1421169964
14211708430214,7131,1421171175
14211708430214,7132,1421171569
14211708430214,7133,1421172204
14211728855715,7134,1421173131
14211728855715,7135,1421173726
14211728855715,7136,1421174138
14211744072437,7137,1421174700
14211744072437,7138,1421175108
14211744072437,7139,1421175846
14211744072437,7140,1421176225
14211744072437,7141,1421176532
14211768248882,7142,1421177113
14211768248882,7143,1421177538
14211768248882,7144,1421177885
14211768248882,7145,1421178249
14211768248882,7146,1421178676
14211768248882,7147,1421178975
14211794080942,7148,1421179944
14211794080942,7149,1421180325
14212461784825,7150,1421247181
14212461784825,7151,1421247784
14212461784825,7152,1421248473
14212461784825,7153,1421248992
14212461784825,7154,1421249434
14212461784825,7155,1421249896
14212461784825,7156,1421250315
14212515925338,7157,1421252101
14212515925338,7158,1421252466
14212515925338,7159,1421253579
14212515925338,7160,1421254268
14212515925338,7161,1421255777
14212515925338,7162,1421256198
1421167334462,7163,1421257672
1421167334462,7164,1421258687
1421167334462,7165,1421259188
1421167334462,7166,1421259576
1421167334462,7167,1421260242
1421167334462,7168,1421260898
1421167334462,7169,1421261732
1421167334462,7170,1421262274
1421167334462,7171,1421263178
1421167334462,7172,1421264174
1421167334462,7173,1421265055
1421167334462,7174,1421265527
1421167334462,7175,1421266293
14212666449929,7176,1421266952
14212672539312,7177,1421267568
14212672539312,7178,1421267999
14213330247044,7179,1421333766
14213330247044,7180,1421334173
1421333139184,7181,1421334189
14213330247044,7182,1421334461
14213330247044,7183,1421335247
1421333139184,7184,1421335542
14213330247044,7185,1421335686
1421333139184,7186,1421336146
14213330247044,7187,1421336288
1421333139184,7188,1421337002
14213367510859,7189,1421337060
14213367510859,7190,1421337371
1421333139184,7191,1421337720
14213367510859,7192,1421338022
1421333139184,7193,1421338272
14213367510859,7194,1421338367
14213367510859,7195,1421338883
1421333139184,7196,1421338920
14213367510859,7197,1421339469
1421333139184,7198,1421339483
14213367510859,7199,1421339914
1421333139184,7200,1421340002
1421333139184,7201,1421340592
1421333139184,7203,1421340992
1421333139184,7205,1421341408
1421333139184,7207,1421341808
14213402185046,7208,1421341941
1421333139184,7210,1421342305
1421333139184,7211,1421342676
14213402185046,7212,1421342969
1421333139184,7213,1421342999
1421333139184,7214,1421343360
14213445638289,7215,1421345173
14213445638289,7216,1421345563
14213453827816,7217,1421345908
14213445638289,7218,1421345937
14213445638289,7219,1421346509
14213453827816,7220,1421346620
14213445638289,7221,1421346967
14213453827816,7222,1421347192
14213445638289,7223,1421347310
14213445638289,7224,1421347894
14213453827816,7225,1421348057
14213445638289,7226,1421348239
14213453827816,7227,1421348816
14213486521648,7228,1421348897
14213486521648,7229,1421349131
14213453827816,7230,1421349226
14213486521648,7231,1421349485
14213453827816,7232,1421349554
14213486521648,7233,1421349801
14213453827816,7234,1421349814
14213453827816,7235,1421350214
1421350265084,7236,1421350491
1421350265084,7237,1421350812
14213453827816,7238,1421350885
1421350265084,7239,1421351054
14213453827816,7240,1421351236
1421350265084,7241,1421351318
1421350265084,7242,1421351603
14213453827816,7243,1421351780
1421350265084,7244,1421352230
14213453827816,7245,1421352345
1421350265084,7246,1421352709
14213453827816,7247,1421352771
14213453827816,7248,1421353151
1421350265084,7249,1421353288
1421350265084,7250,1421353498
1421350265084,7251,1421353855
14213453827816,7252,1421353926
14213453827816,7253,1421354320
14213453827816,7254,1421354819
14213453827816,7255,1421355281
14213453827816,7256,1421355861
14213453827816,7257,1421356496
14213453827816,7258,1421356889
14213453827816,7259,1421357532
14213453827816,7260,1421357875
14213453827816,7261,1421358207
14213453827816,7262,1421358469
14213453827816,7263,1421358770
14213584225858,7264,1421358935
14213453827816,7265,1421359125
14213584225858,7266,1421359154
14213584225858,7267,1421359355
14213453827816,7268,1421359469
14213453827816,7269,1421359751
14213453827816,7270,1421360159
14213453827816,7271,1421360485
14213453827816,7272,1421360752
14214193048615,7273,1421419854
14214189237974,7274,1421420193
14214202243456,7275,1421420801
14214202243456,7276,1421421162
14214206692923,7277,1421421302
14214206692923,7278,1421421682
14214202243456,7279,1421421722
14214206692923,7280,1421422143
14214202243456,7281,1421422190
14214206692923,7282,1421422517
14214206692923,7283,1421422909
14214202243456,7284,1421423092
14214206692923,7285,1421423358
14214229542292,7286,1421423381
14214206692923,7287,1421423728
14214234437727,7288,1421423827
14214229542292,7289,1421424001
14214206692923,7290,1421424047
14214241041142,7291,1421424431
14214229542292,7292,1421424436
1421424342408,7293,1421424730
14214229542292,7294,1421424784
14214241041142,7295,1421424986
1421424342408,7296,1421425168
14214241041142,7297,1421425484
14214252955178,7299,1421425754
1421424342408,7300,1421426015
14214252955178,7301,1421426030
1421424342408,7302,1421426417
14214252955178,7303,1421426479
1421426833687,7304,1421427258
1421424342408,7305,1421427317
14214270903683,7306,1421427462
14214270903683,7307,1421427787
1421424342408,7308,1421427837
1421426833687,7309,1421428035
14214270903683,7310,1421428128
1421424342408,7311,1421428382
1421426833687,7312,1421428534
1421424342408,7313,1421428716
1421424342408,7314,1421429041
1421426833687,7315,1421429062
1421426833687,7316,1421429410
14214301150364,7317,1421430477
14214301150364,7318,1421431158
14214301150364,7319,1421431604
14214320992962,7320,1421432407
14214320992962,7321,1421432878
14214334265254,7322,1421434214
14214234437727,7339,1421770472
14213453827816,7382,1421853969
1421946487648,7443,1421947383
1421946487648,7444,1421947782
1421946487648,7445,1421948083
1421946487648,7446,1421949003
1421946487648,7447,1421949373
1421946487648,7448,1421949658
14219503332189,7449,1421950857
14219503332189,7450,1421951666
14219525710144,7451,1421953607
14219525710144,7452,1421954185
14219525710144,7453,1421954683
14219552130086,7454,1421955636
14219552130086,7455,1421956339
14219552130086,7456,1421956703
14219552130086,7457,1421957254
14219552130086,7458,1421957928
14219583595789,7459,1421959214
14219583595789,7460,1421960386
14219583595789,7461,1421960941
14219583595789,7462,1421962082
14219583595789,7463,1421963210
14219583595789,7464,1421963669
14219583595789,7465,1421964054
14219583595789,7466,1421964346
14219583595789,7467,1421964671
14220242112999,7468,1422024807
14220242112999,7469,1422025363
14220242112999,7470,1422025927
14220242112999,7471,1422026439
14220242112999,7472,1422026881
14220242112999,7473,1422027458
14220279734047,7474,1422028819
14220279734047,7475,1422029255
14220279734047,7476,1422029962
14220279734047,7477,1422030546
14220279734047,7478,1422031400
14225434675887,7521,1422543906
14225434675887,7522,1422544434
14225434675887,7523,1422544854
14225434675887,7524,1422545353
14225434675887,7525,1422545773
14225434675887,7526,1422546112
14225434675887,7527,1422546609
14225434675887,7528,1422547065
14225474920618,7529,1422549193
14225474920618,7530,1422549670
14225474920618,7531,1422550246
14225474920618,7532,1422550934
14225474920618,7533,1422551559
14225474920618,7534,1422551981
14225474920618,7535,1422552433
14225474920618,7536,1422553530
14225474920618,7537,1422553832
14225474920618,7538,1422554509
14225552148155,7539,1422555608
14225552148155,7540,1422555916
14225552148155,7541,1422556297
14225552148155,7542,1422556744
14225552148155,7543,1422558787
14225552148155,7544,1422559447
14225552148155,7545,1422559980
14225552148155,7546,1422560727
14225552148155,7547,1422561093
14225615014403,7548,1422562066
14225615014403,7549,1422563335
14225615014403,7550,1422565511
14225615014403,7551,1422566030
14225615014403,7552,1422566351
14225615014403,7553,1422567329
14226291272703,7554,1422629542
14226291272703,7555,1422630026
14226291272703,7556,1422630444
14226291272703,7557,1422630941
14226315597491,7558,1422631916
14226315597491,7559,1422632367
14226315597491,7560,1422632818
14226315597491,7561,1422633198
14226315597491,7562,1422633575
14226315597491,7563,1422634360
14226315597491,7564,1422634732
14226315597491,7565,1422635203
14226315597491,7566,1422635551
14226315597491,7567,1422636154
14226315597491,7568,1422636655
14226315597491,7569,1422637284
14226389213358,7570,1422639710
14226389213358,7571,1422640056
14226389213358,7572,1422640553
14226389213358,7573,1422640758
14226409251279,7582,1422644282
14226471686556,7587,1422647590
14226471686556,7588,1422648534
14226471686556,7589,1422648852
14226471686556,7590,1422649238
14226471686556,7591,1422649538
14226500149043,7592,1422650382
14226500149043,7593,1422650724
14226500149043,7594,1422651080
14226535889149,7595,1422653888
14226535889149,7596,1422654269
14226535889149,7597,1422654552
14226535889149,7598,1422654869
14226535889149,7599,1422655150
14226535889149,7600,1422655498
1422655602996,7601,1422655869
1422655602996,7602,1422655889
1422655602996,7603,1422656100
1422655602996,7604,1422656125
1422655602996,7605,1422656304
1422655602996,7606,1422656320
14229826343504,7622,1422983147
14229826343504,7623,1422983438
14229826343504,7624,1422983719
14229826343504,7625,1422984074
14229826343504,7626,1422984357
14229826343504,7627,1422984585
14229826343504,7628,1422984958
14229826343504,7629,1422985371
14229826343504,7630,1422986345
14229826343504,7631,1422991292
14229826343504,7632,1422991786
14229826343504,7633,1422992022
14229826343504,7634,1422992392
14229826343504,7635,1422992660
14229826343504,7636,1422992912
14229826343504,7637,1422993136
14229826343504,7638,1422993512
14229826343504,7639,1422994196
14229826343504,7640,1422994553
14229826343504,7641,1423061158
14229826343504,7642,1423061649
14229826343504,7643,1423062023
14229826343504,7644,1423062599
14229826343504,7645,1423062962
14229826343504,7646,1423063672
14229826343504,7647,1423064036
14229826343504,7648,1423064492
14230655407621,7649,1423065987
14230655407621,7650,1423066488
14230655407621,7651,1423067439
14230655407621,7652,1423067776
14230680216559,7653,1423068467
14230691642574,7654,1423069419
14230691642574,7655,1423069848
14230691642574,7656,1423070553
14230741094271,7658,1423074556
14230741094271,7659,1423074866
14230741094271,7660,1423075044
14230741094271,7661,1423075314
14230741094271,7662,1423075721
14230741094271,7663,1423076309
14230741094271,7664,1423076823
14230741094271,7665,1423077225
14230741094271,7666,1423077662
14230741094271,7667,1423077969
14230741094271,7668,1423078289
14230741094271,7669,1423078579
14230741094271,7670,1423079017
14230741094271,7671,1423079544
14230741094271,7672,1423079892
14230741094271,7673,1423080530
14230741094271,7674,1423080775
14231513810038,7675,1423151730
14231513810038,7676,1423152194
14231513810038,7677,1423152616
14231513810038,7678,1423152901
14231513810038,7679,1423153142
14231513810038,7680,1423153474
14231513810038,7681,1423154245
14231513810038,7682,1423154553
14231513810038,7683,1423154851
14231513810038,7684,1423155219
14231513810038,7685,1423156576
14231513810038,7686,1423156731
14231513810038,7687,1423157337
14231606479048,7688,1423160844
14231606479048,7689,1423161129
14231606479048,7690,1423161502
14231606479048,7691,1423161803
14231606479048,7692,1423162159
14231624039406,7693,1423162619
14231624039406,7694,1423163002
1423163624346,7695,1423164275
1423163624346,7696,1423165117
1423163624346,7697,1423165446
1423163624346,7698,1423165792
1423163624346,7699,1423166162
14231665066226,7700,1423166731
14231665066226,7701,1423166921
14231665066226,7702,1423167116
14231665066226,7703,1423167316
14231665066226,7704,1423167563
14231665066226,7705,1423167754
14231665066226,7706,1423168138
14231665066226,7707,1423168308
14231665066226,7708,1423168585
14231665066226,7709,1423168975
14231665066226,7710,1423169257
14231787401366,7711,1423178819
14235792093761,7765,1423579822
14235792093761,7766,1423580341
14235792093761,7767,1423580639
14235792093761,7768,1423581053
14235815389388,7769,1423582225
14235815389388,7770,1423582695
14235815389388,7771,1423583122
14235815389388,7772,1423583399
14235815389388,7773,1423583732
14235815389388,7774,1423584005
14235815389388,7775,1423584547
14235815389388,7776,1423585677
14235867901022,7777,1423587165
14235867901022,7778,1423587491
14235867901022,7779,1423588804
14235867901022,7780,1423589272
14235867901022,7781,1423590521
14235867901022,7782,1423590834
14235867901022,7783,1423591190
14235867901022,7784,1423591596
14235918408805,7785,1423592100
14235918408805,7786,1423592981
14235932449329,7787,1423594289
14235932449329,7788,1423594899
14235932449329,7789,1423595359
14235932449329,7790,1423595807
14235932449329,7791,1423596448
14235932449329,7792,1423596844
14235932449329,7793,1423597225
14235932449329,7794,1423597829
14235932449329,7795,1423598566
14235932449329,7796,1423598973
14235932449329,7797,1423599439
14235932449329,7798,1423600091
14235918408805,7799,1423665768
14235918408805,7800,1423666384
14235918408805,7801,1423666957
14235918408805,7802,1423668042
14235918408805,7803,1423668667
14235918408805,7804,1423670251
14235918408805,7805,1423670820
14235918408805,7806,1423671404
14235918408805,7807,1423671804
14235918408805,7808,1423672171
14237521192554,7829,1423754112
14237521192554,7830,1423755412
14237562434512,7831,1423757125
14237562434512,7832,1423757527
14237562434512,7833,1423757962
14237562434512,7834,1423758211
14237562434512,7835,1423758551
14237562434512,7836,1423759224
14237562434512,7837,1423759439
14237562434512,7838,1423759865
14237562434512,7839,1423760230
14237562434512,7840,1423760522
14237562434512,7841,1423761193
14237562434512,7842,1423762035
14237562434512,7843,1423762907
14237562434512,7844,1423763536
14237562434512,7845,1423763907
14237562434512,7846,1423764339
14237562434512,7847,1423764962
14237562434512,7848,1423765334
14237562434512,7849,1423765623
14237562434512,7850,1423766288
14237562434512,7851,1423766602
14237562434512,7852,1423766976
14237562434512,7853,1423768241
14237562434512,7854,1423768836
14237562434512,7855,1423769213
14237562434512,7856,1423769620
14237562434512,7857,1423770036
14237562434512,7858,1423770399
14237710872573,7859,1423771465
14237710872573,7860,1423772224
14237710872573,7861,1423772589
14237710872573,7862,1423773010
14237710872573,7863,1423773339
14238389635458,7864,1423839583
14238389635458,7865,1423840408
14238389635458,7866,1423841246
14238389635458,7867,1423842327
14238389635458,7868,1423842774
14238434802837,7869,1423843977
14238434802837,7870,1423844566
14238434802837,7871,1423845131
14238434802837,7872,1423845388
14238434802837,7873,1423845818
14238434802837,7874,1423846431
14238434802837,7875,1423846785
14238434802837,7876,1423847031
14238434802837,7877,1423847353
14242766154655,7906,1424277456
14242766154655,7907,1424278702
14242766154655,7908,1424279009
14242766154655,7909,1424279499
14242766154655,7910,1424282457
14242833709765,7911,1424283741
14242833709765,7912,1424284240
14242854916688,7913,1424285890
14242854916688,7914,1424286260
14242854916688,7915,1424286650
14242854916688,7916,1424287218
14242854916688,7917,1424287639
14242854916688,7918,1424288242
14242854916688,7919,1424288631
14242854916688,7920,1424289371
14242854916688,7921,1424289806
14242854916688,7922,1424290194
14243692773243,7943,1424369731
14243692773243,7944,1424370499
14243708843558,7945,1424371496
14243708843558,7946,1424372229
14243708843558,7947,1424372648
14243708843558,7948,1424373279
14243708843558,7949,1424373969
14243692773243,7950,1424374752
1424375080363,7951,1424375431
1424375665903,7952,1424376418
14254022111821,8154,1425402574
14254022111821,8156,1425402989
14254022111821,8158,1425403312
14254022111821,8160,1425403701
14254022111821,8162,1425404016
14254022111821,8164,1425404447
14254022111821,8166,1425404907
14254022111821,8168,1425405443
14254022111821,8169,1425406035
14254022111821,8171,1425406597
14254022111821,8174,1425407419
14254022111821,8175,1425407803
14254022111821,8177,1425408093
14254022111821,8178,1425408408
14254022111821,8180,1425408727
14254022111821,8182,1425409002
14254022111821,8184,1425409628
14254022111821,8186,1425409934
14254022111821,8188,1425410300
14254022111821,8190,1425410559
14254022111821,8192,1425411381
14254022111821,8194,1425411618
14254022111821,8195,1425411867
14254854618878,8216,1425486412
14254854618878,8217,1425486817
14254854618878,8218,1425487092
14254854618878,8219,1425487320
14254854618878,8220,1425487676
14254854618878,8221,1425487983
14254854618878,8222,1425488856
14254854618878,8223,1425489108
14254854618878,8224,1425489542
14254854618878,8225,1425489892
14254854618878,8226,1425490551
14254854618878,8227,1425490975
14254854618878,8228,1425491313
14254854618878,8229,1425491627
14254854618878,8230,1425492044
14254854618878,8231,1425493304
14254854618878,8232,1425493539
14254854618878,8233,1425494740
14254854618878,8234,1425495036
14254854618878,8235,1425495318
14254854618878,8236,1425495690
14254962635104,8237,1425497218
14254962635104,8238,1425497608
14254962635104,8239,1425497918
14254962635104,8240,1425498154
14254962635104,8241,1425498498
14254962635104,8242,1425498807
14254962635104,8243,1425499081
14254962635104,8244,1425499426
14254998329641,8245,1425501986
14254998329641,8246,1425502557
14254998329641,8247,1425503089
14254998329641,8248,1425503753
14254998329641,8249,1425504073
14259949807874,8263,1426000019
14259949807874,8264,1426000403
14259949807874,8265,1426001181
14259949807874,8266,1426001968
14259949807874,8267,1426002294
14259949807874,8268,1426003055
14259949807874,8269,1426003413
14259949807874,8270,1426003968
14259949807874,8271,1426004258
14259949807874,8272,1426004853
14259949807874,8273,1426005450
1426006247156,8274,1426006992
1426006247156,8275,1426007264
1426006247156,8276,1426007757
1426006247156,8277,1426008326
1426006247156,8278,1426008626
1426006247156,8279,1426008943
1426006247156,8280,1426009254
1426006247156,8281,1426009616
1426006247156,8282,1426009864
1426006247156,8283,1426010311
1426006247156,8284,1426010755
1426006247156,8285,1426011370
1426006247156,8286,1426011743
14260134176371,8287,1426013689
14260134176371,8288,1426014606
14260134176371,8289,1426014935
14260134176371,8290,1426015279
14260134176371,8291,1426015806
14260134176371,8292,1426016206
14260134176371,8293,1426016469
14260134176371,8294,1426016873
14260165605431,8295,1426017141
14260134176371,8296,1426017454
14260165605431,8297,1426017598
14260134176371,8298,1426017812
14260165605431,8299,1426018292
14260134176371,8300,1426018358
14260134176371,8301,1426018688
14260165605431,8302,1426018993
14260134176371,8303,1426019043
14260134176371,8304,1426019422
14260165605431,8305,1426019619
14260134176371,8306,1426019891
14260165605431,8307,1426019957
14260165605431,8308,1426020302
14260134176371,8309,1426020421
14260165605431,8310,1426020736
14260134176371,8311,1426020773
14260165605431,8312,1426021001
14260165605431,8313,1426021317
14260134176371,8314,1426021523
14260165605431,8315,1426021742
14260134176371,8316,1426021910
14260165605431,8317,1426022056
14260165605431,8318,1426022331
14260223930691,8319,1426022797
14260838378649,8332,1426084207
14260838378649,8334,1426084439
14260838378649,8336,1426084820
14260838378649,8340,1426085896
14260838378649,8341,1426086247
14260874569038,8347,1426087772
14260874569038,8349,1426088125
14260874569038,8351,1426088460
14260874569038,8352,1426088698
14260874569038,8354,1426089014
14260874569038,8355,1426089327
14260874569038,8358,1426089707
14260874569038,8360,1426092530
14260874569038,8361,1426092858
14260874569038,8364,1426093975
14260874569038,8365,1426094337
14260874569038,8366,1426094576
14260874569038,8368,1426094863
14260874569038,8370,1426095164
14260874569038,8372,1426095407
14260874569038,8373,1426095661
14260874569038,8374,1426095950
14260874569038,8376,1426096337
14260874569038,8378,1426096576
14260874569038,8379,1426097024
14260874569038,8381,1426097392
14260874569038,8382,1426097746
14260987150524,8384,1426098880
14260987150524,8385,1426099130
14260987150524,8387,1426099417
14260987150524,8389,1426100183
14260987150524,8390,1426100421
14260987150524,8392,1426100748
14261013351644,8396,1426102005
14261013351644,8397,1426102309
14261013351644,8398,1426102524
14261013351644,8400,1426102888
14261013351644,8401,1426103145
14261013351644,8403,1426103355
14261013351644,8404,1426103588
14261013351644,8406,1426103838
14261013351644,8408,1426104152
14261013351644,8409,1426104360
14261013351644,8411,1426104829
14261013351644,8413,1426105029
14261013351644,8414,1426105389
14261013351644,8415,1426105599
14261013351644,8416,1426105830
14261013351644,8418,1426106071
14261013351644,8419,1426106220
14261013351644,8420,1426106433
14261067852509,8422,1426107163
14261067852509,8423,1426107370
14261067852509,8425,1426107608
14261067852509,8426,1426107931
14261067852509,8428,1426108173
14261067852509,8429,1426108328
14261067852509,8430,1426108590
14261067852509,8431,1426108801
14261067852509,8432,1426109059
14261067852509,8433,1426109227
14261652087634,8434,1426165581
14261652087634,8435,1426166344
14261652087634,8436,1426166674
14261652087634,8437,1426167055
14261652087634,8438,1426167340
14261652087634,8439,1426167703
14261652087634,8440,1426167981
14261652087634,8441,1426168230
14261652087634,8442,1426168708
14261694023759,8443,1426169843
14261694023759,8444,1426171040
14261694023759,8445,1426171482
14261694023759,8446,1426172438
14261694023759,8447,1426173472
14261754465946,8448,1426176626
14261754465946,8449,1426177278
14261754465946,8450,1426177741
14261754465946,8451,1426177928
14261782367162,8452,1426178558
14261782367162,8453,1426179020
14261782367162,8454,1426179272
14231665066226,8455,1426179507
14261782367162,8456,1426179838
14261782367162,8457,1426180110
14261782367162,8458,1426180342
14261782367162,8459,1426180648
14261782367162,8460,1426181000
14261817682662,8461,1426182649
14261817682662,8462,1426183062
14261817682662,8463,1426183090
14261817682662,8464,1426183328
14261817682662,8465,1426183394
14261817682662,8466,1426183506
14261817682662,8467,1426184087
14261817682662,8468,1426184558
14261817682662,8469,1426184830
14261817682662,8470,1426185206
14261817682662,8471,1426185290
14261817682662,8472,1426185900
14261817682662,8473,1426186135
14261817682662,8474,1426186402
14261817682662,8475,1426186606
14261817682662,8476,1426186818
14261817682662,8477,1426187052
14261817682662,8478,1426187409
14266976162224,8514,1426697862
14266976162224,8515,1426698673
14266976162224,8516,1426699195
14266976162224,8517,1426699681
14266976162224,8518,1426699985
14266976162224,8519,1426700400
14266976162224,8520,1426700860
14266976162224,8521,1426701168
14266976162224,8522,1426701458
14266976162224,8523,1426702463
14266976162224,8524,1426702737
14266976162224,8525,1426702930
14266976162224,8526,1426703099
14266976162224,8527,1426703341
14266976162224,8528,1426703561
14267135257563,7574,1426713584
14267135257563,7575,1426713619
14267135257563,7576,1426713648
14267135257563,7577,1426713679
14267135257563,7579,1426713710
14267135257563,7580,1426713737
14267135257563,7581,1426713765
14267135257563,7583,1426713792
14267135257563,7584,1426713818
14267135257563,7585,1426713844
14267135257563,7586,1426713867
14267135257563,7202,1426713902
14267135257563,7204,1426713925
14267135257563,7206,1426713952
14267135257563,7209,1426713976
14267700926432,8529,1426770610
14267700926432,8530,1426771883
14267700926432,8531,1426772385
14267700926432,8532,1426772675
14267700926432,8533,1426772883
14267700926432,8534,1426773115
14267700926432,8535,1426773787
14267700926432,8536,1426774261
14267700926432,8537,1426774645
14267700926432,8538,1426775193
14267700926432,8539,1426775720
14267700926432,8540,1426776356
14267700926432,8541,1426776626
14267700926432,8542,1426776997
14267776397018,8543,1426777899
14267776397018,8544,1426778240
14267776397018,8545,1426778478
14267788062273,8546,1426779737
14267788062273,8547,1426780489
14267788062273,8548,1426780762
14267788062273,8549,1426780801
14267860561212,8556,1426787237
14267860561212,8557,1426787813
14267860561212,8558,1426788769
14267860561212,8559,1426789562
14267860561212,8560,1426789927
14267860561212,8561,1426790251
14267860561212,8562,1426790509
14267860561212,8563,1426790810
14267860561212,8564,1426791046
14267860561212,8565,1426791238
14267860561212,8566,1426791515
14267860561212,8567,1426791907
14267860561212,8568,1426792221
14267860561212,8569,1426792511
14267860561212,8570,1426792823
14267860561212,8571,1426793422
14267860561212,8572,1426793732
14267942244839,8573,1426794459
14267942244839,8574,1426794649
14267942244839,8575,1426794920
14267942244839,8576,1426795214
14268810856688,8585,1426881569
14268810856688,8586,1426881987
14268810856688,8587,1426882444
14268810856688,8588,1426882887
14268810856688,8589,1426883315
14268810856688,8590,1426883585
14268810856688,8591,1426883819
14268810856688,8592,1426884133
14268810856688,8593,1426884410
14271191550045,8594,1427119678
14271191550045,8595,1427120005
14271191550045,8596,1427120668
14271191550045,8597,1427120875
14271191550045,8598,1427121184
14271191550045,8599,1427121517
14271191550045,8600,1427121821
14271191550045,8601,1427122494
14271191550045,8602,1427122762
14271191550045,8603,1427123032
14271191550045,8604,1427123330
14271191550045,8605,1427123798
14271191550045,8606,1427124331
14271191550045,8607,1427125134
14271191550045,8608,1427125708
14271191550045,8609,1427126070
14271191550045,8610,1427126339
14271191550045,8611,1427126578
14271191550045,8612,1427126901
14271191550045,8613,1427127257
14271191550045,8614,1427128326
14271191550045,8615,1427128658
14271191550045,8616,1427129016
14271191550045,8617,1427129412
14271191550045,8618,1427130742
14271191550045,8619,1427131050
14271191550045,8620,1427131378
14271191550045,8621,1427131725
14271191550045,8622,1427132254
14271191550045,8623,1427132801
14271191550045,8624,1427133192
14271191550045,8625,1427133486
14271191550045,8626,1427133743
14271191550045,8627,1427134017
14271191550045,8628,1427134895
14271191550045,8629,1427135281
14271191550045,8630,1427136158
14271191550045,8631,1427136449
14271191550045,8632,1427136709
14271191550045,8633,1427137136
14271191550045,8634,1427137410
14271191550045,8635,1427138579
14271191550045,8636,1427140202
14271191550045,8637,1427141085
14271191550045,8638,1427141637
14271191550045,8639,1427142323
14271191550045,8640,1427142597
14271191550045,8641,1427143449
14271191550045,8642,1427144012
14271191550045,8643,1427144308
14271191550045,8644,1427144639
14272060330433,8649,1427206423
14272060330433,8650,1427207331
14272060330433,8651,1427207703
14272060330433,8652,1427207989
14272060330433,8653,1427208409
14272060330433,8654,1427209229
14272060330433,8655,1427209415
14272060330433,8656,1427209678
14272060330433,8657,1427209883
14272060330433,8658,1427210081
14272060330433,8659,1427210376
1427210801568,8660,1427211258
1427210801568,8661,1427211347
1427210801568,8662,1427211856
1427210801568,8663,1427212510
1427210801568,8664,1427212645
1427210801568,8665,1427213167
1427213612762,8666,1427213875
1427215208473,8667,1427215571
1427215208473,8668,1427215841
14272165832352,8669,1427216850
14272165832352,8670,1427217777
14272165832352,8671,1427218057
14272165832352,8672,1427218332
14272165832352,8673,1427218598
14272165832352,8674,1427218841
14272165832352,8675,1427219097
14272165832352,8676,1427219338
14272165832352,8677,1427219554
14272165832352,8678,1427219764
14272165832352,8679,1427220089
14272165832352,8680,1427220554
14272165832352,8681,1427220876
14272165832352,8682,1427221516
14272165832352,8683,1427222077
14272228338344,8685,1427223454
14272228338344,8686,1427223672
14272228338344,8687,1427224117
14272228338344,8688,1427224330
14272228338344,8689,1427224750
14272228338344,8690,1427224975
14272228338344,8691,1427225220
14272228338344,8692,1427225440
14272228338344,8693,1427225741
14272261882954,8694,1427226419
14272261882954,8695,1427226859
14272261882954,8696,1427227065
14272261882954,8697,1427227280
14272261882954,8698,1427227558
14272261882954,8699,1427227807
14272261882954,8700,1427228005
14272261882954,8701,1427228418
14272261882954,8702,1427228633
14272261882954,8703,1427228904
14272261882954,8704,1427229316
14272261882954,8705,1427229573
14272261882954,8706,1427229795
14272261882954,8707,1427230029
14272261882954,8708,1427230202
14272261882954,8709,1427230450
14273084559662,8735,1427308988
14273084559662,8736,1427309518
14273084559662,8737,1427309819
14273084559662,8738,1427310083
14273084559662,8739,1427310517
14273084559662,8740,1427310930
14273084559662,8741,1427311189
14273084559662,8742,1427312120
14273084559662,8743,1427312317
14273084559662,8744,1427312839
14273084559662,8745,1427313362
14273084559662,8746,1427314209
14273084559662,8747,1427314493
14273084559662,8748,1427314978
14273084559662,8749,1427315218
14273157471326,8750,1427316123
14273157471326,8751,1427316569
14273157471326,8752,1427316824
14273172755392,8753,1427317494
14273172755392,8754,1427317877
14273172755392,8755,1427318040
14273742343657,8756,1427376024
14273742343657,8757,1427376365
14273742343657,8758,1427376668
14273742343657,8759,1427376917
14273742343657,8760,1427377122
14273742343657,8761,1427377336
14273742343657,8762,1427377652
14273742343657,8763,1427377917
14273742343657,8764,1427378088
14273742343657,8765,1427378248
14273742343657,8766,1427378705
14273742343657,8767,1427378960
14273742343657,8768,1427379499
14273742343657,8769,1427379941
14273742343657,8770,1427380296
14273742343657,8771,1427380654
14273742343657,8772,1427381508
14273742343657,8773,1427381830
14273742343657,8774,1427382059
14273742343657,8775,1427382256
14273742343657,8776,1427382456
14273742343657,8777,1427383108
14273742343657,8778,1427383824
14273742343657,8779,1427384086
14273742343657,8780,1427384321
14273742343657,8781,1427385651
14273742343657,8782,1427385890
14273742343657,8783,1427386061
14273742343657,8784,1427386247
14273183074094,8785,1427387084
14273183074094,8786,1427387547
14273183074094,8787,1427387726
14273881692407,8788,1427389406
14273881692407,8789,1427389676
14273881692407,8790,1427389916
14273881692407,8791,1427390143
14273881692407,8792,1427390321
14273881692407,8793,1427390628
14273881692407,8794,1427390866
14273881692407,8795,1427391061
14273881692407,8796,1427391266
14273881692407,8797,1427391473
14273881692407,8798,1427391730
14273881692407,8799,1427391927
14273881692407,8800,1427392098
14273881692407,8801,1427392521
14273881692407,8802,1427392724
14273881692407,8803,1427393009
14273932723904,8804,1427393590
14273932723904,8805,1427393868
14273932723904,8806,1427394131
14273932723904,8807,1427394342
14273932723904,8808,1427394621
14273932723904,8809,1427394914
14273956086089,8810,1427395813
14273956086089,8811,1427395987
14273956086089,8812,1427396211
14273956086089,8813,1427396388
14273956086089,8814,1427396638
14273956086089,8815,1427396862
14273956086089,8816,1427397707
14273956086089,8817,1427397956
14273956086089,8818,1427398199
14273956086089,8819,1427398371
14273956086089,8820,1427398612
14273989125427,8821,1427399115
14273989125427,8822,1427399419
14273989125427,8823,1427399657
14273989125427,8824,1427399959
14273989125427,8825,1427400253
14273989125427,8826,1427400509
14273989125427,8827,1427400848
14273989125427,8828,1427401232
14274011690473,8829,1427401485
14274011690473,8830,1427401847
14274016607698,8831,1427401960
14274016607698,8832,1427402208
14274011690473,8833,1427402230
14274016607698,8834,1427402413
14274011690473,8835,1427402577
14274016607698,8836,1427402591
14274016607698,8837,1427402827
14274011690473,8838,1427402948
14274016607698,8839,1427403080
14274011690473,8840,1427403245
14274016607698,8841,1427403391
14274011690473,8842,1427403615
